{"totalSamples":"1281","validSamples":"1049","interestingSamples":"440","timedOutSamples":"17","totalExecs":"49498","avgCorpusSize":413.5,"avgProgramSize":72.58274546490308,"avgCorpusProgramSize":16.715345566977085,"avgExecutionTime":0.07927140149999996,"execsPerSecond":71.71248249010456,"fuzzerOverhead":0.02327747657457971,"minimizationOverhead":0.7729339640491958,"numChildNodes":"3","coverage":0.06454881523588384,"correctnessRate":0.7800311669403719,"timeoutRate":0.03468550492009788,"avgElementsTransitionCount":0.9326448436357041,"avgIcTransitionCount":12.012995397338475,"avgNormalizationCount":6.143398154679609,"avgDeoptCount":0.03205801511812501,"avgGcCount":0.3474835579592136,"avgMigrateCount":0.010722264687417254,"avgGeneralizationCount":1.8918038751809578}