{"totalSamples":"630","validSamples":"502","interestingSamples":"274","timedOutSamples":"9","totalExecs":"29882","avgCorpusSize":268.0,"avgProgramSize":66.80485515258735,"avgCorpusProgramSize":19.38916872732164,"avgExecutionTime":0.06964987224999991,"execsPerSecond":53.676761324639166,"fuzzerOverhead":0.027954203397153033,"minimizationOverhead":0.8225491197183099,"numChildNodes":"3","coverage":0.05128362943258046,"correctnessRate":0.7728952896948253,"timeoutRate":0.027138987173816895,"avgElementsTransitionCount":0.9023560864377261,"avgIcTransitionCount":11.644262408981962,"avgNormalizationCount":4.488790514198136,"avgDeoptCount":0.03979277861140403,"avgGcCount":0.216427929114628,"avgMigrateCount":0.015580479346650111,"avgGeneralizationCount":2.1109857011161783}